{"il340x270242034572847q6version0": 0.9999907654982149, "il340x2703155701162q5yhversion0": 0.9999907732782859, "facebookspinner20190424142749gif": 0.9999907757464416, "il340x2703153801611hkc5": 0.9999907728760336, "il340x2703011697370g9s7version0": 0.9999907647651671, "il340x2702931917524cdcjversion0": 0.999990775078964, "il340x2701973809936d0vxversion0": 0.999990765141023, "googlesignin20190424142747": 0.9999907772740518, "il340x2701822067403stmt": 0.9999907764618556, "il340x2703159633557m0i1version0": 0.9999907683965541, "tabletinterstitial20190424142749": 0.9999907746234303, "spinnerssprite2x20190424142749gif": 0.9999907764632359, "base39c80de4fd86dbc66b7e": 0.9999907766207795, "il340x2703161716772q9h8": 0.9999907730106304, "il340x2703195025857astyversion0": 0.9999907705718323, "il340x2703156561278pgiaversion0": 0.9999907697553941, "il340x2701018385226c6boversion0": 0.9999907698510767, "buttonsfavoritemaster20190424142749": 0.9999907615405231, "basea42358544d8a609b3cf7": 0.9999907742872046, "il340x27030471033181iad": 0.9999907737602071, "il340x27023270356703yglversion0": 0.9999907648638748, "googleicon2x20190424142747": 0.9999907758646305, "spinner16transgrey20190424142749gif": 0.9999907740731219, "il340x27023698072299n0e": 0.9999907740069212, "phoneinterstitialsmall20190424142749": 0.9999907754967805, "il340x2701715178411tr9o": 0.9999907674275018, "spritesv22x20190424142746": 0.999990776014884, "il340x2702754326694b0udversion0": 0.9999907726792026, "il340x270996660864jrakversion0": 0.9999907740293688, "il340x2703205146385bpxzversion0": 0.9999907657535709, "il340x2701218697619iwekversion0": 0.9999907708283233, "googlespinner20190424142749gif": 0.9999907760818787, "corelibs32b0dce6335566dcd5d9": 0.9999907745384964, "il340x2703125419008omicversion0": 0.9999907733980095, "il340x27012544573687n21version0": 0.9999907726807657, "googlespinner2x20190424142749gif": 0.9999907757675268, "il340x27012806594717xleversion0": 0.9999907571035072, "spritesv220190424142746": 0.9999907761035856, "phoneinterstitial20190424142749": 0.999990776063609, "nav1c66a0b89b1d59b2c473": 0.9999907748657267, "il340x2703136077392m6e0version0": 0.9999907705736121, "il340x2701597023844peid": 0.9999907678747613, "il340x2702593657153mjeh": 0.9999907756953328, "spinner16trans20190424142749gif": 0.9999907745750055, "twitterlogo20190424142747": 0.9999907753190417, "il340x2702247161313gv5dversion0": 0.9999907746846999, "il340x2703169308896cl7fversion0": 0.9999907736907041, "il340x270289144242241b5version0": 0.9999907731199553, "tabletinterstitialsmall20190424142749": 0.9999907725815802, "il340x27024040164655f8k": 0.999990765679915, "tabletandroid20190424142749": 0.9999907691088595, "spinnerssprite20190424142749gif": 0.9999907768456286, "paymentmethods20190424142749": 0.9999906633601408, "phoneiOS20190424142749": 0.9999907724841303, "il340x2703041832636jlkjversion0": 0.9999907756402235, "facebookspinner2x20190424142749gif": 0.9999907751717155, "twitterlogo2x20190424142747": 0.99999077301721, "il340x2703163253108dbs8version0": 0.9999907719206466, "il340x2702297458934j49hversion0": 0.999990772734104, "il340x2703099081891kvy4version0": 0.9999907709040115, "phoneandroid20190424142749": 0.9999907737087642, "il340x2703151700622ehonversion0": 0.9999907557280229, "il340x27028427431357u3dversion0": 0.9999907735403956, "il340x2702907385782bpwmversion0": 0.9999907728325808, "il340x2703205960925b3j6": 0.9999907699550318, "il340x2701032242397ks2oversion0": 0.9999907725704212, "il340x2703068001272e4wkversion0": 0.9999907748686097, "il340x2703169893254o2wbversion0": 0.9999907749109612, "dots20190424142746svg": 0.9999907753766164, "il340x270310999232496wy": 0.9999907725800526, "il340x2703217359893bdadversion0": 0.9999907711989816, "il340x2701796345100nsuqversion0": 0.9999907391669597, "il340x2703188026983byyo": 0.9999907747292256, "il340x2703131913668hujaversion0": 0.9999907738667839, "il340x27015364260803rkoversion0": 0.9999907708588693, "googleicon20190424142747": 0.9999907766681829, "tabletiOS20190424142749": 0.9999907694777272, "il340x2703091970406pq54version0": 0.9999907681831837, "fblogo2x20190424142747": 0.9999907607698365, "il340x2702887135304m6qoversion0": 0.9999907753633525, "etsylogo20190424142746": 0.9999907760026467, "il340x2702038788542ezjh": 0.9999907619396596, "il340x270289682140436xmversion0": 0.9999907747998689, "il340x2703023001752lecdversion0": 0.9999907727183247, "closelarge20190424142748": 0.999990700284095, "il340x2701860402662435dversion0": 0.9999907748988626, "buttonsmaster20190424142749": 0.9999907684602928, "il340x2703024897223decg": 0.9999907759567994, "il340x2702374840526hkwyversion0": 0.9999907762561607, "registrysprite20190424142748": 0.9999907249411892, "howitworkssmall0000": 0.9999907764772334, "fblogo20190424142747": 0.9999907748834208, "paymentmethods2x20190424142749": 0.9870374980861184, "connectedaccountssprite20190424142749": 0.9999907695861018, "etsylogo2x20190424142746": 0.9999907753384268, "il340x2702923917375ooglversion0": 0.9999907748839608, "il340x270124744047226zqversion0": 0.9999907743076627, "recaptchaarrow20190424142747": 0.9999907685359596, "il340x2703130067350nsv2version0": 0.9999906226587862, "il340x2701271023354t3t8version0": 0.9999907735529898, "il340x2708112257323dyhversion0": 0.9999907761024522, "etsylogo20190424142746svg": 0.9999907767885531, "il340x2702266038491ght5version0": 0.9999907718062876, "il340x2702878275010e38dversion0": 0.9999907717086066, "il340x2702647414905hei5version0": 0.9999907685416847, "il340x2702087106995o1ar": 0.9999907622631349, "closelarge2x20190424142748": 0.9999905467920638}