{"NeueHelveticaforZaraBold6ee5226dttf": 0.9999857281459423, "jsidGD8SW45BC2ZlanalyticsDataLayercxc": 0.999990774206358, "1315355286111ts1619772675182": 0.9999616701658274, "TUTA CON STRUTTURA CUT OUT": 0.9999907760475579, "Apercuea2fc91beot": 0.9995107641612624, "12953558261511ts1619772170366": 0.9999074278951975, "1381623330611ts1621872068341": 0.9999907679551939, "SALOPETTE IN DENIM PREMIUM": 0.9999907676117652, "NeueHelveticaforZaraBoldf508c2f2eot": 0.8863550244072265, "1260381093611ts1614764544890": 0.9999804844325538, "TUTA A QUADRI VICHY": 0.9999907730488378, "12603810931511ts1616762829863": 0.9999905883092154, "TUTA A FIORI MISTO LINO": 0.9999907740828384, "rxmedia": 0.9999907758042473, "xbho": 0.9999907763309749, "VESTITO CHEMISIER CON FRANGE": 0.9139831931264994, "1295355826111ts1619771814576": 0.9999887416552747, "Apercuaaffbd39woff2": 0.9533985492021854, "vendorv2": 0.9999907778786186, "3bd3930f": 0.9999907762464104, "VESTITO COMBINATO COLOR BLOCK": 0.9999907725912365, "4302701400611ts1621413953444": 0.9999882606133874, "SALOPETTE DENIM CORTA": 0.9999907518576204, "VESTITO IN DENIM SFRANGIATO": 0.9999901965432338, "transparentbackground": 0.9999907740738891, "TUTA IN SPUGNA A RIGHE SNOOPY  PEANUTS": 0.9999907727210123, "9": 0.9999907762519472, "javascriptbase64aWYgKC9tc2llfHRyaWRlbnQvaS50ZXN0KG5hdmlnYXRvci51c2VyQWdlbnQpKSB7CgkJCQl3aW5kb3cubG9jYXRpb24uaHJlZiA9ICcvJyArIHphcmEuYXBwQ29uZmlnLnN0b3JlQ29kZSArICcvJyArIHphcmEuYXBwQ29uZmlnLmxhbmdDb2RlICsgJy9lcnJvci91bnN1cHBvcnRlZC1icm93c2VyJzsKCQkJfQ": 0.3349118781147211, "2553602800621ts1611144271291": 0.9999887252528399, "VESTITO CHEMISIER JEANS": 0.961744431919417, "1381623330111ts1622201938762": 0.9999905899064117, "4479643046111ts1619596749732": 0.999952218247644, "TUTA DENIM GARMENT": 0.9999907760438419, "NeueHelveticaforZaraRoman27db4ea0ttf": 0.999134001769127, "1355447600111ts1623239414506": 0.9999907633893826, "raccounting": 0.9999907766586671, "otBannerSdk": 0.9999907760221848, "otSDKStub": 0.9999907757588777, "VESTITO CHEMISIER CON BIKINI": 0.9999907697809504, "1381623330111ts1622201931226": 0.9999901826557057, "NeueHelveticaforZaraMdCna4c693ffttf": 0.9987254276615564, "6068126300111ts1622201928289": 0.999986731038505, "location": 0.9999907778855108, "gtmidGTMNK4BSSL": 0.999990775355764, "javascriptbase64d2luZG93LnphcmEuYm9vdHN0cmFwQXBwbGljYXRpb24oKQ": 0.9999906529470903, "NeueHelveticaforZaraBoldCn908220b3ttf": 0.9997773271951864, "1329071300611ts1620379617728": 0.998911277322277, "TUTA LINO MINIMAL": 0.9999907757268308, "joinlifekidslargesvgts1587055628000": 0.9999907706782386, "Apercuea2fc91beotiefix": 0.8197567699940562, "NeueHelveticaforZaraBoldf508c2f2eotiefix": 0.4432014057424781, "12953558261511ts1619772175702": 0.9857966898974075, "mkt1625023023000": 0.9999907739876266, "VESTITO STAMPA FLOREALE FIOCCO": 0.29864991114438405, "launcherstdv2": 0.9999907594335826, "ZaraSRPLSFontRegular086503a8ttf": 0.9997037180776138, "TUTA CON RICAMO SVIZZERO": 0.8980688164551248, "6062079620111ts1622192241232": 0.9999905924885583, "1639603620611ts1612967014348": 0.9999887485220299, "VESTITO COLOR BLOCK": 0.9999907747526804, "Apercubold88011198eot": 0.9995896936265963, "1308412712611ts1618503388526": 0.9999477833093319, "90066016122101ts1608201600571": 0.9999901499997829, "gtmidGTM5CVGN7DlanalyticsDataLayer": 0.9999907727313222, "appstdv2": 0.9999907758658704, "ZaraSRPLSFontRegular443a1d43eot": 0.9833841903730095, "Apercu8d03cdc8ttf": 0.9999907650591977, "zarachatstdv1530": 0.9999907757947971, "NeueHelveticaforZaraBoldCn24d3e669eot": 0.6229072528507419, "1295355826611ts1618471708577": 0.9999864895904452, "loadergif": 0.9999907748392717, "joinlifekidslargedoublesvgts1587055628000": 0.9999907708102314, "pixel3bd3930fadD05ODVmOWY2ZmRhMzM2NTNkODRlMmZmMTJkNDJmN2NlZWM0YjI4NmM2JmpzPW9mZg": 0.8160203660667371, "Apercuboldf9d18b62ttf": 0.9999907710244811, "1639602620111ts1612869772194": 0.9999898825259856, "beaconriskifiedcomshopwwwzaracomsid706706d209004523a8c565ca87624910": 0.9999899953801682}