{"Twittersvgcache2021063001": 0.999990759330562, "PH Twitter logo": 0.999990775919903, "frontindexpccache2021063001": 0.999990769317505, "headercache2021063001": 0.9999907755600538, "Luna Star": 0.9999907496407316, "signincache2021063001": 0.9999907753284811, "mq9NY6QWbeafTGgaaaamh5VITSWHGEjFBJNq60": 0.9999907757487722, "PropertySex Super Hot French Real Estate Agent Fucks Nerd Client": 0.9999907725147881, "meafTGgaaaamhQEZ2Lu385c8Uuq9": 0.999981059659212, "18videoz  Ani Black Fox  First anal sex with creampie": 0.9999907741241774, "Threesome": 0.999990767170579, "Big Tits": 0.9999312642331531, "Hentai": 0.9961456621316048, "mqOPK16VbeafTGgaaaamhZs1IoUCDih34LMIU0": 0.9999907533338872, "Fucked Up stepfamily Tries Out New Tricks": 0.9999907742629682, "mewILGCjadOfmhL4L628DLBwulYbK200x200": 0.9999907686812731, "babiqueen": 0.9999907763200468, "tube8": 0.9999907745163561, "Tube8": 0.9993890449496755, "logocache2021063001": 0.9999907758534875, "meafTGgaaaamh30W5WteXBsRkVst2": 0.9999907696667903, "Caught Watching My Hot Step Mom Taking a Shower  Amiee Cambridge": 0.9999907556352019, "mewILGCjadOfmhHuoRg5czUvvxYx3G200x200": 0.9999907696610048, "mewILGCjadOfmhzk0jnh3DVbEpObOA200x200": 0.9999907755821639, "yinyleon": 0.9999907766369193, "meafTGgaaaamhlY1JGOkGRhdMTQlK10": 0.9999907746685796, " ": 0.9999907772741886, "mewILGCjadOfmhHZFhJBPKLupSe61b200x200": 0.9999906327816979, "Shaiden Rogue": 0.999990756808219, "meafTGgaaaamhqHO02rz1eSYrsGHP14": 0.9999481151663208, " Japanese Amateur Couple Doggy Fuck on Mirror  ": 0.9999907742253968, "meafTGgaaaamhZhDu7GIiIuP44xS11": 0.9998489606044545, "Promised to help with homework but in the end fucked in a wet pussy": 0.9999907764034425, "meafTGgaaaamh7OhPlr6Q9JKEqB13": 0.9999907753757193, "ASMR  Psychiatrist role play  JOI": 0.9999907668806305, "Cartoon": 0.9999907656357179, "Female Orgasm": 0.9999907620120668, "Creampie": 0.9999907637822967, "Japanese": 0.9999907572112884, "Teen 18": 0.9999907762394987, "Public": 0.9999907720084404, "mewILGCjadOfmh3b3rX7aCI8H28sK200x200": 0.999990766094687, "Riley Reid": 0.999990774641151, "meafTGgaaaamhSAVJDJKguGRxqfvu16": 0.9999907536186345, "Romantic Dinner Magic Cunnilingus and Footjob": 0.999990744764981, "frontindexcache2021063001": 0.9999907707500916, "meafTGgaaaamhi48SnhgbuMu5RLN14": 0.9999907739457085, "phfootercache2021063001": 0.9999907754801984, "mewILGCjadOfmh9s8fpfOIl6j8Lur200x200": 0.9999907737766897, "MaxiLovers": 0.9999907696005612, "mqO3MITVbeafTGgaaaamhfs9TZpsT1VJbPe0": 0.9999907316417281, "Digital Playground  Latina Desiree Dulce gets tits covered in cum": 0.9999907693664218, "Alex Adams": 0.9944587723200122, "meafTGgaaaamhle3brhhAUMwD76j95": 0.9999907752770401, "Dirty Old Perv can barely fuck": 0.9999907762221723, "vuemin": 0.9999907767371724, "mewILGCjadOfmhCYpZumWcJgN1aOXv200x200": 0.9999907727027728, "thestartofus": 0.9999907696338233, "htsiteid3": 0.9999907770486395, "PH Discord logo": 0.999990775588724, "mewILGCjadOfmh45xrcB27rtVcqduC200x200": 0.9999907754884904, "Marigold Lee": 0.9998968969616411, "vrecaptchacache2021063001": 0.9999907736287631, "mq9ZGPWbeafTGgaaaamhF9jOGZcbTrTMEba0": 0.9999907755263548, "Hungry girlfriend do INTENSE DEEPTHROAT and FACEFUCK  EmiliaBunny": 0.9999907770878789, "mqOG71UUbeafTGgaaaamh3CPms2Lfi4gzTshq0": 0.9999907765102556, "         ": 0.9999907772741886, "meafTGgaaaamhwfISrkVCndeuF515": 0.9999906830194758, "THE BEST BUTT PLUG EVER": 0.999990775901637, "load103": 0.9999907761520992, "mq710R3VbeafTGgaaaamh8xRui0t3QxJgaaxw0": 0.9999907740401742, "3Way Porn  Surprise 3some for Masseur": 0.9999907753539006, "meafTGgaaaamh3xVsF1TNtVhUrX16": 0.9999849105416331, "Beautiful and teasing Zafira shows you her perfect tits and pussy  Full": 0.999990776705582, "mewcV8bmhZYOfL4TFWESCci5zoriginal802106161": 0.9999902581305524, "playlistbasiccache2021063001": 0.9999907747549115, "Redditsvgcache2021063001": 0.9999309244309206, "PH Reddit logo": 0.999990776214653, "meafTGgaaaamhgT3eGo4TYi2SRSp3": 0.9999907744431318, "Shay Sights Anal Wedding Orgy ": 0.9999907176262304, "pornhublogostraightcache2021063001": 0.9999907770504425, "Pornhub Porn Videos": 0.9999907682258639, "xTube": 0.9999907753336557, "XTube": 0.9999737249067437, "vuecustomelementmin": 0.999990776216408, "generatedlibcache2021063001": 0.9999907621780055, "meafTGgaaaamhU4T9wiPgO571RDqg7": 0.9999899674658528, "mqO7HNKWbeafTGgaaaamhBiKYHMl36DXmoJBE0": 0.9999907677018167, "its not a pussy its my asshole": 0.9999907756465012, "htcheckhtmlsiteid3": 0.9999907766483608, "meafTGgaaaamhJACIAP8QzvY8tD13": 0.9999907664439652, "phSelect": 0.9999907764082527, "Pornhub select": 0.99999067972788, "mqQ4T3GWbeafTGgaaaamhLfYLxFDskdz1QvK10": 0.9999907763816486, "Cumming twice on my boyfriends cock before he creampies me": 0.9999907769676863, "mqUIQNOWbeafTGgaaaamhsVnXMDkoIdd5TYi20": 0.9999907759164054, "CEI JOI Espaol Auto Facial  Ests listo para acabar": 0.9999720258509036, "Big Dick": 0.9999907607512666, "meafTGgaaaamhErBvBO8ghQqk3btL15": 0.9999906905047572, "COME HAVE A SHOWER WITH ME": 0.9999907760403229, "mewcV8bmh7XWOMTp3FLtI7jqooriginal798138682": 0.999989964397561, "My adventures and me": 0.9999907741304923, "meafTGgaaaamh3s99G8lE1MP5i4wY10": 0.9999904285419843, "morning sex and many orgasms  DEMON GIRL": 0.9999907770149707, "mewILGCjadOfmhVD6UO7Wtt3nEn200x200": 0.9999907690605484, "Celebrity Cumms": 0.9999907764837135, "mqHUUT7VbeafTGgaaaamhTeudrpUnPmk3uleh0": 0.9999907745263764, "ScamAngels  Katrina Jade And Kenzie Madison Slutty American Teens Threesome With Cheating Husband": 0.999989403336375, "Bondage": 0.9999907014676652, "Gangbang": 0.999990774725179, "mqHJZVKWbeafTGgaaaamhMCiy45F4Qnsw9fl0": 0.9999907758065263, "Red XXX gets off with her fingers and toys": 0.9999907746767507, "mq81GZOWbeafTGgaaaamhHagjIrit3yXtKDc0": 0.9999907754304929, "SEX": 0.9999907760459309, "rightArrow": 0.9999907729356955, "Right Arrow": 0.9999902897852485, "redTube": 0.9999907743216727, "RedTube": 0.8457551022908986, "meafTGgaaaamhL4Hj1jAfEJJPgHWS7": 0.9999906517037215, "Pervmom  Sexy Blonde Stepmom Vanessa Cage Needs Help With Stretching Her Ass": 0.9999907245395587, "mq3TNXSWbeafTGgaaaamhc2tqLkYKLhmZZZoO0": 0.9999907750333493, "mqGLKR7VbeafTGgaaaamhrRa1TRghl7o7kaR50": 0.9999841009460404, "mbJWs4LpmhXKTymJXqcEDtbV1aoriginal410304501": 0.9999521939307157, "My Pics": 0.9999906989419952, "PH Instagram logo": 0.9999907764757289, "meafTGgaaaamhSoFvF3HRN8JEK9": 0.9999907723050946, "Stepson Fucked his StepmomDozzaZanoza": 0.9999907694846852, "meafTGgaaaamhzseh98tJdIK5gU8712": 0.9999907737385321, " BLACKED RAW   She forgot about her white bf for a night": 0.9999907757901467, "mqN1RVbeafTGgaaaamhh09t81eOjALUd54v0": 0.999990775385777, "Sugarbaby reveals her pussy to teacher crush": 0.9999907759383166, "meafTGgaaaamhDOqPihDwdrVDE3013": 0.9999907736421301, "BABES  Stepmom Alexa Tomas has threesome gamer Julia Roca": 0.9999907612037965, "mq1J1QVbeafTGgaaaamho6BMmmouSZzdgZRv0": 0.9999907662642209, "Hot couple enjoys sex on webcam": 0.9999907766366334, "popundermin": 0.9999907734962694, "meafTGgaaaamhGM7bdYaghH4bcVf8": 0.9999907753709677, "Barefoot devil cosplayer takes stockings off and teases you": 0.9999907758769228, "mgutils100cache2021063001": 0.9999907544216345, "mewILGCjadOfmhZeSOZNhUf2xxlG200x200": 0.9999907692147578, "th3kinkycoupl3": 0.9999907758933432, "phubcache2021063001": 0.9999907752636341, "rta1gif": 0.9999907756919275, "RTA image": 0.9999903923865984, "meafTGgaaaamhIbsiLyn4lPNALX9V3": 0.9999907630673197, "mewILGCjadOfmhWErZZaeKpI5fQyZ200x200": 0.9999907562750397, "mewILGCjadOfmhj7RvsN5yl97jf2Ou200x200": 0.999990769306433, "Porn Force": 0.999984376793244, "meafTGgaaaamhrRF9P7a6UQrzivua9": 0.9333172383569103, "Playing with my self in the gown I wore to church": 0.9999907734932444, "mq6WUUVbeafTGgaaaamhFPdc58ceznCYdxW0": 0.999990776329632, "Dane Jones Big ass Latina Milf Canela Skin gets a big dick fucking": 0.9999907734738538, "meafTGgaaaamhZXwslYgthCNeCmN16": 0.9999899403569018,