{"240x1357": 0.9999903633339436, "analytics": 0.9999907762777734, "nshtmlidGTMTLDPV3J": 0.9999907641579483, "Mature Mia Mamma part 2": 0.9999907580709518, "Milf Mom 3 Toys anal buttplug big dildo vibrator Masturbates": 0.999990764091014, "240x135cv1619122260": 0.9999890361174008, "ec": 0.9999907735135124, "526x2986webp": 0.9999907714492805, "240x1352": 0.9999879122536809, "Bhabhi dewar sex": 0.9999907693586947, "240x135cv1616431080": 0.9999566449819033, "BBCPIE Interracial Fuck With Numerous Dripping Creampies": 0.9999907472885265, "526x2984webp": 0.9999907716218288, "A stranger gets into my car and pulls out his cock Shocked": 0.9999907716052645, "va9f6d834a9header": 0.9999907651318554, "clockwork bananas italian woman abused by bandits at home": 0.9999907733781144, "240x1358": 0.999980777364872, "Hot Italian Maid Valentina Nappi Fucks Wealthy House Owner": 0.9999907603613368, "Oops I wasnt supposed to share our video Compilation": 0.9999907487230493, "v1b75c698aatrackmin": 0.9999907420174993, "v1005f5f5d7index": 0.999990756140569, "v783f570056parentalcontrol": 0.9999907448586172, "Behind the camera MC169": 0.999990733120821, "Sexy Milf Marie All Holes Filled QUEEF": 0.9999907407176692, "240x1356": 0.9999907394404557, "Best Throatpie Ever": 0.9999907303200083, "240x1354": 0.9999892589623425, "Cum in mouth  overloaded and disliked compilation": 0.9999907470141689, "240x13510": 0.9999907380790879, "Sofies first anal sex Dick slips into her ass but she likes it": 0.9999907649556229, "Italian amateur milfs anal": 0.9999907715007943, "526x2988webp": 0.9999907705035923, "Italian Wife Dogging at Night": 0.9999907640110929, "v03cfd64d9fcommon": 0.9999907610287843, "gtmidGTMTLDPV3J": 0.9999907613986876, "240x1359": 0.9999903655741035, "240x1351": 0.9999900434520932, "She thought nobody is watching": 0.9999907711681035, "Movie Night with Stepmom": 0.9999907377513994, "rta": 0.9999907734173413, "RTA Limitato agli adulti": 0.9999894385676562, "240x135cv1614227820": 0.9999415127324056, "milf ass destroyed by big dick": 0.999990771265717, "jsidGTMN5XW4THtgtm30cid9419202061623408072": 0.9999907447821332, "Amateur curvy milf fucked at home": 0.9999907728111544, "526x2989webp": 0.9999907714955506, "Anal sex Hanna fallow giving her cuzao to her husband fuck": 0.9999907724966215, "v102d9a8c10it": 0.9999907603777892, "googleglogosvg": 0.9999907721712528, "google": 0.9999907749487138, "logosvg": 0.9999907707937238, "xHamster Video Porno Gratis": 0.999990748888288, "Mia moglie scopata da due sconosciuti mentre io filmo": 0.9999907676465069, "526x2981webp": 0.9999907704387879, "Si scopa il bull ed io riprendo": 0.9999907689607305, "Stepson Be Honest With Me  Brianna Beach": 0.9999907380283077, "1978 Vintage": 0.9999907618946046, "vf4ded6a4c7rta": 0.999990757100649, "OMG compilation 7": 0.9999907226296713, "Big tits and the hairiest pussy": 0.999990771143114, "v9f7f334fd7faphouselogocrownsvg": 0.9999907583512175, "Fap Porn  Highquality Porn Videos": 0.9999907323880948, "240x1353": 0.9999875920054797, "Stars That Should Do Hardcore": 0.9999602055877514, "Big Sex In A Small Package": 0.9433928107914691, "v20be17c021runtime": 0.9999907582615675, "My wife lost a bet and had to fuck my best client blindfolded": 0.999990773810115, "MI INCULA E IO URLO": 0.9999774975512759, "bloopers": 0.9999907709395578, "Your dick was inside me thats not exactly an April fools": 0.999990770287632, "Ass Fuck Instead Of Good Night Wishes  Anal Creampie": 0.9999907494929543}