{"il340x2703137497173p21bversion0": 0.9999907607138622, "il340x2702754326694b0udversion0": 0.9999907588987976, "il340x27023270356703yglversion0": 0.9999907545946555, "paymentmethods20190424142749": 0.9999906730369036, "closelarge20190424142748": 0.999990733277599, "twitterlogo2x20190424142747": 0.9999907526949358, "paymentmethods2x20190424142749": 0.9871046723159745, "spinner16transgrey20190424142749gif": 0.9999907637122236, "il340x2701557014452p5e5version0": 0.9999907574546968, "twitterlogo20190424142747": 0.9999907590859901, "il340x2703106060212hf6f": 0.9999907547969966, "spritesv22x20190424142746": 0.9999907652380077, "il340x2701231566674dcn5": 0.9999907638368695, "il340x2703014769991s7vzversion0": 0.9999907482371065, "il340x27017091888805onu": 0.9999907628963505, "fblogo2x20190424142747": 0.999990746910253, "il340x27020197760912c0d": 0.9999907591811753, "il340x27031150928339c0wversion0": 0.9999907602774882, "il340x2701855765298o8y2version0": 0.999990752813304, "il340x2702360639205bd51": 0.9999907637668016, "il340x27025094141043at5version0": 0.9999907529929755, "etsylogo20190424142746svg": 0.9999907657914159, "il340x2702993165752ppc9version0": 0.999990751236722, "googlespinner20190424142749gif": 0.9999907664335737, "tabletiOS20190424142749": 0.9999907486278374, "recaptchaarrow20190424142747": 0.9999907543867081, "connectedaccountssprite20190424142749": 0.9999907471964126, "il340x2702744377253ttguversion0": 0.999990749869677, "facebookspinner20190424142749gif": 0.9999907632142692, "phoneandroid20190424142749": 0.9999907583885864, "il340x270242034572847q6version0": 0.9999907514697352, "spinner16trans20190424142749gif": 0.9999907635447929, "il340x2701815793645bmi4version0": 0.999990756235962, "il340x2701509725837ta86": 0.9999906075466363, "il340x2703121732944kr1wversion0": 0.9999907618010945, "il340x2701032242397ks2oversion0": 0.9999907560559725, "il340x2703136743342ey3qversion0": 0.999990758872307, "il340x2701018385226c6boversion0": 0.9999907559210257, "corelibs151c109354e88bbb86a1": 0.9999907625859901, "il340x27012544573687n21version0": 0.999990760347373, "il340x270124744047226zqversion0": 0.9999907589712652, "il340x2703024897223decg": 0.9999907631795275, "il340x270304854654863u6": 0.9999907478074417, "il340x2702913033878evrzversion0": 0.9999907451771666, "googleicon20190424142747": 0.9999907670425084, "tabletinterstitial20190424142749": 0.9999907574377487, "closelarge2x20190424142748": 0.9999905162718173, "il340x2701822067403stmt": 0.9999907644159759, "il340x2703171270131ffjiversion0": 0.9999907553073499, "basefd0ac2b248649234814d": 0.9999907621513426, "il340x27024469936019o07": 0.9999907606917361, "tabletandroid20190424142749": 0.9999907485206779, "il340x270996660864jrakversion0": 0.9999907598787939, "dots20190424142746svg": 0.9999907605460939, "il340x2702885856665hcm0": 0.9999907491002428, "nav9268b2f84b9036e0ae7d": 0.9999907622178044, "etsylogo2x20190424142746": 0.9999907616421937, "il340x2703082386972j2ycversion0": 0.9999907546347813, "il340x2702593657153mjeh": 0.9999907685675073, "googlespinner2x20190424142749gif": 0.9999907663503965, "il340x270284569594618g9version0": 0.9999907571139947, "il340x2702856982110jn89version0": 0.9999907574097803, "il340x2701271023354t3t8version0": 0.9999907603683551, "il340x270950941842emy7version0": 0.9999907588670188, "il340x27030992338704d7dversion0": 0.9999907633719034, "phoneiOS20190424142749": 0.9999907548068784, "il340x27031878696859sllversion0": 0.9999907576886994, "il340x2703165530527h450": 0.9999907576433015, "il340x2703090418064bigkversion0": 0.9999907478918427, "il340x2703179417697gorsversion0": 0.9999907565919567, "il340x2701597023844peid": 0.999990756999053, "il340x27031726403059v6tversion0": 0.9999907586940175, "etsylogo20190424142746": 0.9999907647949493, "facebookspinner2x20190424142749gif": 0.9999907616207089, "googlesignin20190424142747": 0.9999907677453478, "il340x2708112257323dyhversion0": 0.9999907666716281, "il340x2702854081428anmwversion0": 0.9999907618806905, "howitworkssmall0000": 0.9999907658778633, "spinnerssprite20190424142749gif": 0.9999907681610043, "buttonsfavoritemaster20190424142749": 0.9999907424840693, "il340x2702937628955emfk": 0.999990761699097, "tabletinterstitialsmall20190424142749": 0.9999907564695046, "il340x2703125419008omicversion0": 0.9999907613686941, "spinnerssprite2x20190424142749gif": 0.9999907657369942, "spritesv220190424142746": 0.9999907667939718, "il340x27026759085481t0vversion0": 0.9999907577026526, "il340x2703178264327dti6version0": 0.9999907589628328, "il340x270251614778693jtversion0": 0.99999075938719, "buttonsmaster20190424142749": 0.999990750652496, "il340x2701938367659mzqkversion0": 0.9999907572222395, "il340x2703131913668hujaversion0": 0.9999907605258135, "il340x2702850584569h20vversion0": 0.9999907522732574, "il340x2702178108788b664": 0.9999907601082012, "il340x27012806594717xleversion0": 0.9999907487901469, "baseeb626956d5ba36148c6d": 0.9999907586083571, "registrysprite20190424142748": 0.9999907444984393, "il340x2702443366104kbh9version0": 0.9999907487062468, "il340x2703043238710tcgiversion0": 0.999990757191031, "phoneinterstitialsmall20190424142749": 0.9999907621494082, "fblogo20190424142747": 0.9999907566934887, "il340x2701692284334543zversion0": 0.9999907563887611, "il340x2703187815023kg95version0": 0.9999907449010149, "googleicon2x20190424142747": 0.9999907638771763, "c46731518f4b4bd1b9c71cae6f3c5dd3min": 0.9999907618829376, "phoneinterstitial20190424142749": 0.9999907643216132, "il340x27028427431357u3dversion0": 0.9999907614959032, "il340x2701937696877is49version0": 0.999990760676925, "il340x2701904290341nusp": 0.999990752811231}