{"png": 0.9999907718965096, "TeensAnalyzed": 0.9999907370520807, "15": 0.9999907709756193, "Big Tits Redhead Rebecca Lane Blowjobs": 0.9999907526738062, "12": 0.999990771546107, "Britney la tettone scopa il Rabbino e mette le corna al fidanzato": 0.9999907716886601, "11": 0.9999907709616928, "Busty Victoria Sinn got fucked in the ass and liked it": 0.999990768562857, "9": 0.9999907724227559, "Perfect tits": 0.9999907723403995, "16": 0.9999907707717949, "Sweet ebony": 0.9999907656098206, "13": 0.999990771850101, "HUNT4K La bella mora Liliane succhia il cazzo degli": 0.999990770489513, "thumb10201": 0.9999907647090135, "Carter Cruise": 0.9999860259068225, "MyWifesMom": 0.9999887733335872, "3": 0.9999907727520752, "german milf anal party orgy": 0.9999907737453355, "mature001": 0.9999907660024344, "Matura": 0.9394844088339164, "00028572": 0.9999907396188891, "Cam4Free": 0.9692291640106454, "Nice Boobs": 0.9999907664662636, "8": 0.9999907727411596, "meW0Q8fmhgLkW1kUg7LblFFh0": 0.9999907614531485, "Anale e sborrata sul culo Mia Bandini": 0.9999907631012211, "Japanese babe Akari Asayiri likes casual foursomes with friends uncensore": 0.9999907669875325, "7": 0.9999907720227009, "rtutils100": 0.9999907702081408, "Ardently Pounding Young Bombshell Jenny Mansons Tight Pussy": 0.9999904295194899, "timings100": 0.9999907682594829, "YOUMIXPORN Interactive  Busty Teacher Cathy Heaven fucks horny student": 0.9999907703406025, "jquerycookie140": 0.9999907719170602, "LoveHomePorn": 0.9585453863613475, "thumb662761": 0.9999907643151953, "Cory Chase": 0.9999907489187772, "1": 0.9999907712788761, "HUNT4K Un sexo caliente con una guapa cuesta como un coche nuevo e increb": 0.9999907681741599, "generatedserviceworkerstarter100v68473a38570001fed4eac78df8f2703f6d250789": 0.9999907522987515, "thumb1020031": 0.9999907638970092, "Adria Rae": 0.9999249628749778, "10": 0.9999907716115882, "Brunette Dava fucking Abigail Mac": 0.9999907585701711, "thumb587141": 0.9999907647836571, "Anya Olsen": 0.9999907484151171, "6": 0.9999907733067748, "big cock": 0.9999907729305831, "rta1gifv68473a38570001fed4eac78df8f2703f6d250789": 0.9999907535899556, "14": 0.9999907725552958, "adstest": 0.9999907707264627, "Teens Analyzed  Natali Ruby  Studentessa darte fa sesso anale per la prima volta": 0.9999907666991472, "Solo blonde woman Kagney Linn Karter masturbates in 4K": 0.999990759099517, "Moms": 0.9999907661587009, "2": 0.9999907723700057, "Stepsister with glasses sucks a cock in POV": 0.9999907694422111, "1610118171": 0.9999905975721772, "Brazzers": 0.9906743038952176, "Ai Yuumi serious shag and rivers of cum on her face  More at 69avs com": 0.9999907666590871, "1587761886": 0.9999064882128607, "Hunt4K": 0.9998507818927884, "thumb198761": 0.9999907671304231, "Brandi Love": 0.9999907372742814, "videoindexv68473a38570001fed4eac78df8f2703f6d250789": 0.9999896518269258, "Ass Fucked and Facialed Busty Tory Lane": 0.9999907437582258, "Beautiful brunette Jessica gives her man anal in bed": 0.9999907751149846, "5": 0.9999907712229125, "Lilu Moon una zoccola tra le stelle": 0.9999907658219281, "1582747891": 0.999987749517067, "PornstarPlatinum": 0.9923542682344069, "HomegrownVideo": 0.9999907372047803, "SmutPuppet": 0.9999907616564471, "OLD4K Bald handsome dad has powerful cock for busty brunette Mira Cuckold": 0.9999907735662609, "thumb1563731": 0.9999907654787835, "Mia Khalifa": 0.9999907410769288, "jquery213minv68473a38570001fed4eac78df8f2703f6d250789": 0.9999907539275366, "Vera Orgia di Gruppo allAperto per lOktoberfest": 0.9999798439907168, "VIP4K Blanche e pronta per fare sesso per soldi perche e una ragazza intel": 0.9999907682175931, "1604543058": 0.9954853115832233, "lesbian001": 0.9999907720639458, "Lesbiche": 0.9999483534930896, "thumb249751": 0.9999907666338986, "embeddedadses6min": 0.9999907638965438, "Fallo cucco  Mellisandra  scopato di fronte al fidanzato ammanettato": 0.9999907548154617, "Japanese model Mai Asahina fucks a friend uncensored": 0.9999907702585, "Smut Puppet  Interracial BBC Gangbang Compilation Part 5": 0.982175182232417, "redtubelogosvgv68473a38570001fed4eac78df8f2703f6d250789": 0.9999906847817032, "idsyncminv1623362400000": 0.9999907620343778, "LOAN4K La povera studentessa ha bisogno di un prestito per un viaggio qui": 0.9999907644648484, "thumb1338881": 0.9999907698315992, "Taylor Ash": 0.9999907630571289, "18videoz  Bella Mur  Hot teen nailed from both ends": 0.9999907695383271, "FamilyStrokes": 0.7770538663763704, "load103": 0.9999907700072614, "meW0Q8fmh3aFdoDCCiDx9bW815": 0.9999907507471056, "Lustful 20yo College Girl Aubree Gives Sloppy BJ": 0.999990765211041, "Great Handjob Blowjob Brunette Babe": 0.9999907686995871, "htsiteid2": 0.9999907738602825, "18videoz  Pinky Breeze  Playful teen fuck and facial": 0.999990770928127, "defaultredtubev68473a38570001fed4eac78df8f2703f6d250789": 0.9999906809357416, "thumb125061": 0.9999907652218163, "Courtney Cummz": 0.9999792984528265, "PublicAgent": 0.9997221595453353, "00034338": 0.9999907517741093, "4": 0.999990772436297, "Puba": 0.9999907536894057, "1610655249": 0.994319034898183, "Dirty Flix  Hollie Mack  Job well fucking done": 0.9999907711431921, "thumb1098631": 0.9999907664470135, "thumb233381": 0.9999907678776194, "Phoenix Marie": 0.9999907571593499, "farmers step daughter first anal": 0.9999907702493713, "GoldwinPass": 0.9993132752634337, "jqueryui1121min": 0.9999907735819903, "00037968": 0.9999907447145435, "thumb1024761": 0.999990766648772, "Reagan Foxx": 0.9999907421559578, "GrannyBet": 0.9985535852693741, "preggo stepsister first gangbang": 0.9999907725956027, "BLACK4K Only powerful BBC can make lovely blondehaired chick happy": 0.9999907725097681, "Former nurse needs help to pay for her bills": 0.999990752648298, "thumb693671": 0.9999907651819908, "Megan Vale": 0.9999907519133655, "anal001": 0.9999907687881235, "Nana Fujii fucked in the pussy after a great blowjob  More at javhd net": 0.9999907699255978, "00031035": 0.9999907480990635, "LostBetsGames": 0.9701842214113647, "defaultredtubeloggedoutv68473a38570001fed4eac78df8f2703f6d250789": 0.9999907483158215, "noimgwomen": 0.9999907707848812, "Lily Lark": 0.9999907426757382, "Flexible Young Goddesses Melissa Benz and Via Lasciva Enjoy a Wild Ass Fuck": 0.9999907477547715, "thumb1845281": 0.9999907659520628, "teens001": 0.9999907698960679, "18videoz  Lindsey Vood  Romantic date leads to anal": 0.9999907699363908, "amateur001": 0.9999907706796544, "TheHabibShow": 0.9999907427295454, "thumb1256921": 0.9999907658796361, "Alexis Crystal": 0.9999907511311753, "00036777": 0.9999905950184982, "00027622": 0.9999907503598209, "thumb717921": 0.9999907636938385, "Linda Lovelace": 0.7560993120102534, "lazyLoadBundlev68473a38570001fed4eac78df8f2703f6d250789": 0.9999473545926443, "thumb1116181": 0.9999907673397612, "Lana Rhoades": 0.9999853361460569, "stewardes milf anal group banged": 0.9999907713735267, "Hot Nikky Thorne And Brooklyn Lee Threesome": 0.9999803531073732, "OLD4K Nice redhead shares a bed with rich respectful old man": 0.999990771354653, "meW0Q8fmhQcv50UsHylols8": 0.9999907607572653, "piccola sorellastra mi lasci sborrare sulla sua faccia andregotbars": 0.9999907693436545, "meag2GgaaaamhpjlKyW4L5lhI2mF2": 0.999990752636654, "Latina Amateur In ExGirlfriend Goes Viral With Sex Stream": 0.9999900346546794, "Pretty Hot Chick Fucking Her Pussy": 0.9999907711993031, "rough fuck party with tattooed milf": 0.999990775010177, "meW0Q8fmhRRrFsyV6ZYLjihm13": 0.9999907529470073, "Anna Polina friend in a hot anal foursome": 0.9999907675541033, "LOAN4K Chick veut ouvrir une animalerie alors pourquoi elle a des relatio": 0.9999907702252646, "Aya Mikami goes full mode on cock after a nice oral  More at javhd net": 0.9999907681806701, "Solo fuck doll Vika Lita is gently masturbating in 4K": 0.9999907603755636, "Gorgeous blondes Candy Manson and Lexxxi Tyler are seriously horny": 0.9999907656969022,