{"Apercu8d03cdc8ttf": 0.9999907436530612, "ZaraSRPLSFontRegular443a1d43eot": 0.983245454107487, "VESTITO CHEMISIER JEANS": 0.9615806762404865, "javascriptbase64d2luZG93LnphcmEuYm9vdHN0cmFwQXBwbGljYXRpb24oKQ": 0.9999906835548595, "TUTA DI LINO CON CUT OUT": 0.9999907717569106, "CVwoJNz8": 0.9999907686678084, "1094369620611ts1616001878323": 0.999990533682971, "VESTITO COLLETTO PETER": 0.9999907428096512, "1315355286111ts1619772675182": 0.9999616850273925, "TUTA CON STRUTTURA CUT OUT": 0.9999907700276557, "transparentbackground": 0.9999907609646851, "TUTA A FIORI MISTO LINO": 0.9999907622007036, "beaconriskifiedcomshopwwwzaracomsid0b24f91f200741dba01972993c00c5b6": 0.9999907589173728, "location": 0.9999907742721128, "Apercuea2fc91beot": 0.9995126899019561, "Apercuea2fc91beotiefix": 0.8158567239841528, "NeueHelveticaforZaraRoman27db4ea0ttf": 0.9991364336183028, "1295355826611ts1618471708577": 0.9999864541288703, "4302700250611ts1623153242785": 0.998518115913221, "SALOPETTE IN DENIM GARMENT DYE": 0.999990756607361, "6063138330611ts1621942525667": 0.9995587432408759, "7664b733": 0.9999907397711054, "9007720630611ts1622462317274": 0.689408971656858, "rxmedia": 0.9999907711347759, "appstdv2": 0.9999907664084349, "mkt1623366865000": 0.9999907647618668, "1381623330111ts1622201931226": 0.9999902262291096, "1381623330111ts1622201938762": 0.9999906045916589, "1168340074611ts1612967015223": 0.9999149096280995, "TUTA A POIS": 0.9999907598075591, "1315355286611ts1619516255880": 0.9999847690051455, "0219632512611ts1620904747621": 0.9999907525383531, "VESTITO LIMONI": 0.9999905131401016, "1639702250611ts1622110375610": 0.9999881911737855, "VESTITO CHEMISIER IN DENIM CON CUT OUT": 0.9999907640159903, "1639623250611ts1615544949726": 0.999988277041536, "TUTA DENIM GARMENT": 0.9999907712295418, "joinlifekidslargesvgts1587055628000": 0.9999907570748725, "VESTITO CON RICAMI PATCHWORK LIMITED EDITION": 0.9999676945918144, "vendorv2": 0.9999907665575444, "1308412712611ts1618503388526": 0.999947340470763, "VESTITO STAMPA FLOREALE FIOCCO": 0.29952665294321246, "zarachatstdv1530": 0.9999907699551934, "Apercubold88011198eot": 0.9995835770653451, "launcherstdv2": 0.9999907433516801, "loadergif": 0.9999907653139729, "6063138330111ts1622201935367": 0.9999861725227341, "NeueHelveticaforZaraBoldCn908220b3ttf": 0.9997786922762085, "4322601250611ts1615892993112": 0.9996907864296516, "VESTITO LUNGO RICAMATO": 0.999990743139816, "1639620812111ts1612517180518": 0.9999907437803199, "joinlifekidslargedoublesvgts1587055628000": 0.9999907554274465, "ZaraSRPLSFontRegular086503a8ttf": 0.9997024762198498, "5770611727611ts1619527183828": 0.9999907423009765, "SALOPETTE IN DENIM TIEDYE": 0.9999897946641036, "0219631512111ts1618850667421": 0.9999906119148059, "javascriptbase64aWYgKC9tc2llfHRyaWRlbnQvaS50ZXN0KG5hdmlnYXRvci51c2VyQWdlbnQpKSB7CgkJCQl3aW5kb3cubG9jYXRpb24uaHJlZiA9ICcvJyArIHphcmEuYXBwQ29uZmlnLnN0b3JlQ29kZSArICcvJyArIHphcmEuYXBwQ29uZmlnLmxhbmdDb2RlICsgJy9lcnJvci91bnN1cHBvcnRlZC1icm93c2VyJzsKCQkJfQ": 0.3332685343924675, "4786625250611ts1618471742211": 0.9999907444469982, "NeueHelveticaforZaraBold6ee5226dttf": 0.9999857874715044, "raccounting": 0.99999077387903, "NeueHelveticaforZaraMdCna4c693ffttf": 0.9987205250421254, "jsidGD8SW45BC2ZlanalyticsDataLayercxc": 0.9999907532554191, "gtmidGTMNK4BSSL": 0.9999907630748283, "VESTITO PINK PANTHER  MGM": 0.9999907581676007, "1639620812611ts1611770031772": 0.9999907444900692, "5072611046611ts1619178016531": 0.9999858801955968, "9007720652611ts1622463168968": 0.9998929790049133, "NeueHelveticaforZaraBoldf508c2f2eot": 0.8852284933275939, "gtmidGTM5CVGN7DlanalyticsDataLayer": 0.9999907522982985, "4786625250111ts1623241967233": 0.9999677978797766, "NeueHelveticaforZaraBoldf508c2f2eotiefix": 0.44459730572357914, "NeueHelveticaforZaraBoldCn24d3e669eot": 0.6172242698473716, "4302636406611ts1622473103577": 0.9999868189315714, "VESTITO DENIM CUT OUT": 0.9999907639865367, "9": 0.9999907724227559, "VESTITO CON VOLUME E GILET LIMITED EDITION": 0.9999904455060565, "otBannerSdk": 0.9999907687022623, "otSDKStub": 0.9999907706891027, "Apercuaaffbd39woff2": 0.9534240449389201, "6254606300111ts1621854512813": 0.9999907505293246, "1317071800211ts1616585324807": 0.9997201771829965, "Apercuboldf9d18b62ttf": 0.9999907492419503}