{"Redditsvgcache2021061001": 0.9999196715078175, "Logo Reddit di PH": 0.9999907516669836, "load103": 0.9999907700072614, "pornMD": 0.9999907753262305, "PornMD": 0.9999907382345906, "meafTGgaaaamhmHpk4upa1HNu8PVh12": 0.9999907480665601, "Trailer pegging with a black bbc": 0.9999907646025112, "mewILGCjadOfmhZeSOZNhUf2xxlG200x200": 0.9999907487758244, "th3kinkycoupl3": 0.9999907725591521, "meafTGgaaaamhYnvAr4pBP3RZ0C5v6": 0.9999907480925266, "Pegging his ass everything is wet    ": 0.9999907619696994, "grin": 0.9999907729785372, "mewILGCjadOfmhPXEFb1o9UNqhBP3B200x200": 0.9999907501809505, "Melania hoe": 0.9999907568033465, "mqV4JKXVbeafTGgaaaamhatuT49rmfg7pMkR0": 0.9999907513046936, "Lilimini  I screw my boyfriend with a huge strapon": 0.9999907663470801, "meafTGgaaaamhl45TeKYUfoNUWDk12": 0.9999907514153845, "GIRLFRIEND ama scopare un ragazzo con un ENORME DILDO e allungare il culo con le sue MANI": 0.9999907663198967, "Gangbang": 0.9999907627940972, "Squirting": 0.9999907331329267, "qualityselectorcache2021061001": 0.9999907622624155, "me8apGCjadOfmhkNQSldXhUZROWJcL200x200": 0.9999907502848078, "mewILGCjadOfmhL4L628DLBwulYbK200x200": 0.9999907502673641, "babiqueen": 0.9999907751061313, "meafTGgaaaamhWLii3rVo2dZWh7Y114": 0.9999887390018911, "Dominatrice incula il suo schiavo con un dildo equino": 0.9999907660850823, "widgetsratingbarcache2021061001": 0.9999907624815163, "signincache2021061001": 0.999990761217112, "mqN698UbePZGGgaaaamhP0NYUwMYeY1P21S0": 0.9999906137905448, "Renata": 0.9999907464952786, "Youtubesvgcache2021061001": 0.999990741691285, "Logo Youtube di PH": 0.9999907585852877, "meaAaGwObaaaamhg28RkYLFJxZlaCG4": 0.9999907508631967, "A long quotpreviewquot of our latest pegging OF video using our Beef Cake dildo from MrHankeyx27s Toys": 0.9999907583185151, "meafTGgaaaamhYczjaBLdUfvS31UP4cache2021061001": 0.9859797778306293, "meafTGgaaaamhHESt2eBTKgjArl88": 0.9999907516493658, "Harley quinn fucks joker hard with her huge dragon strapon": 0.9999907728196472, "mewILGCjadOfmh4MiTyBVPPYCUp200x200": 0.9999907512393758, "avatar": 0.9999907708007688, "mewcV8bmhUgLfjnBbJBkiVDMGoriginal587092651": 0.9999906839149965, "Random": 0.999990773799759, "meafTGgaaaamh3JYhhf0EW0SBuVxm7": 0.9999907515343052, "Sissy Husband Pegged by Hot Wifes BBC Strapon FUCKED FOR THE FIRST TIME": 0.9999907506715224, "generatedlibcache2021061001": 0.9999907402834909, "meafTGgaaaamhbgn6s7VFrzrGY5w7": 0.9999907485081458, "Rough pegging": 0.999990755132455, "phSelect": 0.999990770207082, "Pornhub select": 0.9999906659676555, "me8apGCjadOfmhS9omHI9A6PMRjTTy200x200": 0.9999906072604554, "mystraponlife": 0.9999907623420292, "meafTGgaaaamhWqlDewzUnRpHj2m7": 0.999990749006674, "Strapon compilation  pegging his ass with monster dildos ": 0.9999907645227003, "meafTGgaaaamhTX3immVf4FtAOz7812": 0.9999906032427897, "N44 Amazing surprise bisex party fuck with boys fucking together by the Girl with anal cr": 0.9999907734423931, "meafTGgaaaamh08zdUw5qVD5FOkE14": 0.9999907519408686, "The date ended with a hot fuck in HIS ass": 0.99999077491472, "me8apGCjadOfmhypYlYfpaHrNVOgpN200x200": 0.9999907524884415, "mePZGGgaaaamhMpjaq55uT3iD4kg22": 0.9999906763709202, "Feet up": 0.9999907541908383, "meafTGgaaaamhp80LlP1C8Q0rAQ269": 0.9999883551888273, "Fucked a boy with a small dick with a huge strapon": 0.9999907716363629, "mbJGh4bKlbyaTmhxkxnxdrnX5olwWe9couple": 0.9999907524131247, "licknsplit69": 0.9999907722527246, "nextvideocache2021061001": 0.9999907648050265, "mewILGCjadOfmh3b3rX7aCI8H28sK200x200": 0.9999907495201057, "Riley Reid": 0.9999907613979612, "mewILGCjadOfmh5KZloR7F2sdxZteE200x200": 0.9999905283058423, "tongue": 0.9999907699045055, "mewILGCjadOfmh1zELxBlmBxevL4KX200x200": 0.9999907519375593, "SweetieFox": 0.9999907434908315, "jquerytokeninput160": 0.9999907715431583, "mqYONI8VbeafTGgaaaamhRRrHQQtvqJAVwYDp0": 0.9999907556575411, "Teen with perfect tits has passionate sex in different positions  A Very Milky Way": 0.9999907719271036, "me8apGCjadOfmhY9iv02mt90nt8y200x200": 0.9999907540523281, "Hot Cyberfuck": 0.9999907606920239, "mewILGCjadOfmhmZ4NFjIVirQtQqzJ200x200": 0.9999907483836741, "Holly Sm0kes": 0.9999907651561895, "me8apGCjadOfmhKYIB6ENSV8Cx4wj200x200": 0.9999907522676478, "cosmicbroccoli": 0.9999907562540168, "adstest": 0.9999907707264627, "mq1NU3VVbeafTGgaaaamh21bYWLsFMHnPOVc0": 0.999990753508695, "Femdom Pegging strapon Deep     ": 0.9999907598058769, "playlistscommoncache2021061001": 0.999990757757991, "jqueryslimscroll120": 0.9999907725219183, "mqU57GWbeafTGgaaaamh3FcM57hV7ygW3pH0": 0.9999907560989458, "   ": 0.9999907740523652, "mewILGCjadOfmhkOCijIGXkDERclRe200x200": 0.9999907529237941, "BriannaBunBuns": 0.9999907485439942, "meafTGgaaaamhqqdXgOMOfsJ0HqZN15": 0.999990603197715, "GF PEGS BF WITH LARGE COCK STRAPON  Femdom  Ass  Anal  Pegging  Humiliation  Fetish ": 0.9999901272953633, "me8apGCjadOfmhOQyIDFC4PR7CNqIE200x200": 0.9999907475720784, "mq5PX7JVbeafTGgaaaamhhrdBa6RfzLpKv4a0": 0.9999907541447066, "Lazy weekend sex and loud orgasms with my favorite toy  Mini Diva ": 0.9999907695098755, "mewcV8bmh3DvSEUeE52oOE2cyoriginal801582111": 0.9999049928940533, "German Amateur Wife Tan Pantyhose Heels Dildo posing Nylon big tits bbw": 0.9999907659910126, "xTube": 0.999990764907937, "XTube": 0.9999739205980205, "mewILGCjadOfmh4LZbyKu0H8drVewn200x200": 0.9999907487345902, "Whoyouhateyz": 0.9999907659387722, "meaf8GgaaaamhSrrkn4JWUPSSZEn4": 0.9999907505973957, "A Long preview of our Latest Pegging OF Video using our Beef Cake Dildo from MrHankeys Toys": 0.9989948236396069, "meafTGgaaaamhQ55szKOmwkEed8Pu3": 0.9999907555514954, "femdom girl fucks boyfriend strapon amateur pegging": 0.9999907765824638, "loadinggifcache2021061001": 0.9999907599223498, "Caricamento in corso": 0.9999907366165522, "75a3db916de24298958fb146bd6c93d4": 0.9999907550287576, "videoshowpccache2021061001": 0.9999907677008717, "me8apGCjadOfmhxnJIwFVbPwm8qt1L200x200": 0.9999907512338443, "LaylaBlush": 0.9999907498288638, "widgetsratinglikefavcache2021061001": 0.9999907628247853, "mgutils100cache2021061001": 0.9999907418617568, "Teenager": 0.999990771507246, "MILF": 0.9999907681748722, "Lesbiche": 0.9999483534930896, "me8apGCjadOfmhO3m8b9xxaTn1Pxz200x200": 0.999990752678469, "mewILGCjadOfmhWErZZaeKpI5fQyZ200x200": 0.9999907469465952, "phfootercache2021061001": 0.9999907649218581, "meafTGgaaaamhjoTy66jGKEib5f016": 0.9999907521085374, "Our first kitchen scene I wear tight leggings  a leg harness while pegging Aiden on the counter": 0.9999907704029325, "me8apGCjadOfmhRzFY0Ml2cpRI9RAx200x200": 0.9999906789492425, "SweetBabies69": 0.9999738077548267, "meafTGgaaaamhD8CU9XUgxcVvJfb1": 0.9999907474803393, "SUBMISSIVE HUSBANDHomemade Sissy Buttfucking": 0.9999907649367439, "meafTGgaaaamhqQJzeFBWgOwXp547": 0.9999907528519998, "Our first time pegging in the shower Big Daddy by Mr Hankeys Toys is our new favorite dildo": 0.9999907575160765, "vuecustomelementmin": 0.9999907647826375, "yH5BAEAAAAALAAAAAABAAEAAAIBRAA7": 0.9999907523835504, "mePZGGgaaaamhG1dm4C1wmfBlj4Tg8": 0.999990752640102, "pegging big strapon": 0.9999907738366802, "me8apGCjadOfmhyF4IkJH36vF80FQ200x200": 0.9999907472899777, "ComeToDaddyG": 0.9987530037835833, "meafTGgaaaamhcevAbAlo9YUqmeL7": 0.9999906019555488, "Latina MILF in UK romanticly pegging and proper Fucking his arse deep with 19 dildo tinyFemdom": 0.9999907705259937, "me8apGCjadOfmhKMG2AStM0MBW6y200x200": 0.9999907481140523, "mewILGCjadOfmhCi1JbfZbThcJSJ7g200x200": 0.9999907492986084, "cockxxxslayer": 0.9999907737113524, "Angelika Grays": 0.9999633310640653, "phfunctionscache2021061001": 0.9999907670916598, "logocache2021061001": 0.9999907614608986, "embeddedadses6min": 0.9999907638965438, "jquery213min": 0.9999907745205961, "me8apGCjadOfmhhFX1c1o4eyVzNcH200x200": 0.9999907547355867, "smile": 0.9999907726361619, "Shaiden Rogue": 0.9999907413708368, "idsyncminv1623362400000": 0.9999907620343778, "meafTGgaaaamhHkUlgvMidbE9eHyo9": 0.9999907471420815,